Date,Open,High,Low,Close,Volume,Market Cap,Year,Month
2016-01-02,434.62,436.06,431.87,433.44,30096600.0,6533630000.0,2016,1
2016-01-03,433.58,433.74,424.71,430.01,39633800.0,6519500000.0,2016,1
2016-01-04,430.06,434.52,429.08,433.09,38477500.0,6468180000.0,2016,1
2016-01-05,433.07,434.18,429.68,431.96,34522600.0,6515380000.0,2016,1
2016-01-06,431.86,431.86,426.34,429.11,34042500.0,6498830000.0,2016,1
2016-01-07,430.01,458.77,429.08,458.05,87562200.0,6472580000.0,2016,1
2016-01-08,457.54,462.93,447.94,453.23,56993000.0,6888600000.0,2016,1
2016-01-09,453.38,454.64,446.89,447.61,32278000.0,6828000000.0,2016,1
2016-01-10,448.24,448.31,440.35,447.99,35995900.0,6752210000.0,2016,1
2016-01-11,448.7,450.66,443.86,448.43,40450000.0,6761090000.0,2016,1
2016-01-12,448.18,448.18,435.69,435.69,115607000.0,6755220000.0,2016,1
2016-01-13,434.67,435.19,424.44,432.37,173888000.0,6553350000.0,2016,1
2016-01-14,432.29,433.32,427.85,430.31,43945500.0,6519110000.0,2016,1
2016-01-15,430.25,430.25,364.33,364.33,153351000.0,6489870000.0,2016,1
2016-01-16,365.07,390.56,354.91,387.54,120352000.0,5507790000.0,2016,1
2016-01-17,387.15,390.96,380.09,382.3,45319600.0,5842270000.0,2016,1
2016-01-18,381.73,388.1,376.67,387.17,54403900.0,5761940000.0,2016,1
2016-01-19,387.03,387.73,378.97,380.15,46819800.0,5843510000.0,2016,1
2016-01-20,379.74,425.27,376.6,420.23,121720000.0,5734760000.0,2016,1
2016-01-21,419.63,422.88,406.3,410.26,68338000.0,6338800000.0,2016,1
2016-01-22,409.75,410.41,375.28,382.49,91546600.0,6190940000.0,2016,1
2016-01-23,382.43,394.54,381.98,387.49,56247400.0,5779890000.0,2016,1
2016-01-24,388.1,405.49,387.51,402.97,54824800.0,5867300000.0,2016,1
2016-01-25,402.32,402.32,388.55,391.73,59062400.0,6083900000.0,2016,1
2016-01-26,392.0,397.77,390.57,392.15,58147000.0,5929520000.0,2016,1
2016-01-27,392.44,396.84,391.78,394.97,47424400.0,5937780000.0,2016,1
2016-01-28,395.15,395.5,379.74,380.29,59247900.0,5980180000.0,2016,1
2016-01-29,380.11,384.38,365.45,379.47,86125300.0,5753970000.0,2016,1
2016-01-30,378.87,380.92,376.49,378.25,30284400.0,5736760000.0,2016,1
2016-01-31,378.29,380.35,367.83,368.77,37894300.0,5729870000.0,2016,1
2016-02-01,369.35,378.07,367.96,373.06,51656700.0,5596090000.0,2016,2
2016-02-02,372.92,375.88,372.92,374.45,40378700.0,5651690000.0,2016,2
2016-02-03,374.65,374.95,368.05,369.95,45933400.0,5679530000.0,2016,2
2016-02-04,370.17,391.61,369.99,389.59,69285500.0,5613380000.0,2016,2
2016-02-05,388.9,391.09,385.57,386.55,43825000.0,5898960000.0,2016,2
2016-02-06,386.59,386.63,372.39,376.52,49249300.0,5865740000.0,2016,2
2016-02-07,376.51,380.87,374.9,376.62,37076300.0,5714760000.0,2016,2
2016-02-08,376.76,379.88,373.33,373.45,47671100.0,5720100000.0,2016,2
2016-02-09,373.42,377.25,372.9,376.03,55318500.0,5670880000.0,2016,2
2016-02-10,376.15,385.48,375.78,381.65,85130900.0,5713880000.0,2016,2
2016-02-11,382.11,383.13,376.4,379.65,74375600.0,5806110000.0,2016,2
2016-02-12,379.69,384.95,379.6,384.26,67042800.0,5771040000.0,2016,2
2016-02-13,384.64,391.86,384.64,391.86,61911700.0,5847990000.0,2016,2
2016-02-14,392.93,407.23,392.93,407.23,74469800.0,5975580000.0,2016,2
2016-02-15,407.57,410.38,397.75,400.19,74070500.0,6199850000.0,2016,2
2016-02-16,401.43,408.94,401.43,407.49,73093100.0,6108040000.0,2016,2
2016-02-17,407.66,421.17,406.78,416.32,83193600.0,6204150000.0,2016,2
2016-02-18,416.57,426.0,415.64,422.37,76752600.0,6341430000.0,2016,2
2016-02-19,422.73,423.1,417.6,420.79,55711300.0,6436980000.0,2016,2
2016-02-20,421.6,441.98,421.6,437.16,93992100.0,6421310000.0,2016,2
2016-02-21,437.77,448.05,429.08,438.8,89820700.0,6669260000.0,2016,2
2016-02-22,438.99,439.05,432.92,437.75,85385200.0,6689200000.0,2016,2
2016-02-23,438.25,439.86,417.82,420.74,85244900.0,6679400000.0,2016,2
2016-02-24,420.96,425.55,413.91,424.95,67743700.0,6417190000.0,2016,2
2016-02-25,425.04,427.72,420.42,424.54,70798000.0,6480650000.0,2016,2
2016-02-26,424.63,432.15,421.62,432.15,61486000.0,6476080000.0,2016,2
2016-02-27,432.84,434.23,428.1,432.52,41893600.0,6602810000.0,2016,2
2016-02-28,432.57,435.68,423.82,433.5,53033400.0,6600310000.0,2016,2
2016-02-29,433.44,441.51,431.69,437.7,60694700.0,6614980000.0,2016,2
2016-03-01,437.92,439.65,432.32,435.12,74895800.0,6684800000.0,2016,3
2016-03-02,435.13,435.92,423.99,423.99,74955300.0,6643810000.0,2016,3
2016-03-03,423.91,425.37,419.41,421.65,100484000.0,6474150000.0,2016,3
2016-03-04,421.84,425.18,410.94,410.94,90856100.0,6443890000.0,2016,3
2016-03-05,410.78,411.26,394.04,400.57,135385000.0,6276610000.0,2016,3
2016-03-06,400.52,411.91,395.78,407.71,91212500.0,6121400000.0,2016,3
2016-03-07,407.76,415.92,406.31,414.32,85762400.0,6233430000.0,2016,3
2016-03-08,414.46,416.24,411.09,413.97,70311700.0,6337370000.0,2016,3
2016-03-09,413.89,416.03,411.61,414.86,70012300.0,6330230000.0,2016,3
2016-03-10,414.74,417.51,413.25,417.13,81022900.0,6344960000.0,2016,3
2016-03-11,417.24,423.93,417.01,421.69,73969700.0,6384740000.0,2016,3
2016-03-12,421.61,421.8,410.09,411.62,92712900.0,6453260000.0,2016,3
2016-03-13,411.65,416.6,411.64,414.06,74322800.0,6302330000.0,2016,3
2016-03-14,414.2,416.68,414.2,416.44,95259400.0,6342780000.0,2016,3
2016-03-15,416.39,418.13,414.99,416.83,66781700.0,6377870000.0,2016,3
2016-03-16,416.89,417.69,415.91,417.01,65185800.0,6387190000.0,2016,3
2016-03-17,417.89,421.0,417.89,420.62,83528600.0,6404130000.0,2016,3
2016-03-18,420.55,420.55,406.14,409.55,104940000.0,6446330000.0,2016,3
2016-03-19,409.26,410.98,407.23,410.44,58423000.0,6274790000.0,2016,3
2016-03-20,410.4,414.63,410.4,413.75,45947900.0,6293610000.0,2016,3
2016-03-21,413.42,413.42,410.38,413.31,61655400.0,6341380000.0,2016,3
2016-03-22,413.13,418.38,412.53,418.09,66813300.0,6338430000.0,2016,3
2016-03-23,418.16,419.27,417.36,418.04,61444200.0,6417130000.0,2016,3
2016-03-24,418.42,418.68,415.49,416.39,68346700.0,6422730000.0,2016,3
2016-03-25,416.51,418.08,415.56,417.18,52560000.0,6394850000.0,2016,3
2016-03-26,417.37,418.99,416.26,417.94,44650400.0,6409500000.0,2016,3
2016-03-27,418.14,428.8,417.71,426.76,71229400.0,6423040000.0,2016,3
2016-03-28,426.55,426.86,423.29,424.23,68522800.0,6553700000.0,2016,3
2016-03-29,424.3,426.2,412.68,416.52,75411500.0,6521010000.0,2016,3
2016-03-30,416.83,416.83,412.5,414.82,66034100.0,6407840000.0,2016,3
2016-03-31,415.26,418.37,415.26,416.73,60215200.0,6385140000.0,2016,3
2016-04-01,416.76,418.17,415.83,417.96,51235700.0,6409540000.0,2016,4
2016-04-02,418.42,422.08,418.42,420.87,45681200.0,6436700000.0,2016,4
2016-04-03,421.17,421.58,419.7,420.9,38053700.0,6480470000.0,2016,4
2016-04-04,421.3,422.34,419.6,421.44,50634300.0,6483910000.0,2016,4
2016-04-05,421.02,424.26,420.61,424.03,60718000.0,6481350000.0,2016,4
2016-04-06,424.28,424.53,422.73,423.41,59091000.0,6533260000.0,2016,4
2016-04-07,423.62,423.66,420.52,422.75,57858600.0,6524680000.0,2016,4
2016-04-08,422.91,425.36,419.63,420.35,63454700.0,6515190000.0,2016,4
2016-04-09,420.81,420.89,416.51,419.41,49792700.0,6484410000.0,2016,4
2016-04-10,419.59,422.44,419.26,421.56,73478600.0,6467330000.0,2016,4
2016-04-11,421.87,422.74,420.53,422.48,50747500.0,6504290000.0,2016,4
2016-04-12,422.84,427.28,422.84,425.19,70728800.0,6520870000.0,2016,4
2016-04-13,425.63,426.66,422.92,423.73,69060400.0,6565470000.0,2016,4
2016-04-14,423.94,425.37,423.01,424.28,45281000.0,6541030000.0,2016,4
2016-04-15,424.43,429.93,424.43,429.71,54801500.0,6550350000.0,2016,4
2016-04-16,429.57,432.63,428.98,430.57,39392800.0,6631310000.0,2016,4
2016-04-17,430.64,431.37,426.08,427.4,52125900.0,6649170000.0,2016,4
2016-04-18,427.61,429.27,427.09,428.59,55670900.0,6604150000.0,2016,4
2016-04-19,428.7,436.02,428.1,435.51,52810500.0,6622450000.0,2016,4
2016-04-20,435.32,443.05,434.41,441.39,72890100.0,6726370000.0,2016,4
2016-04-21,441.42,450.55,440.95,449.43,68204700.0,6822320000.0,2016,4
2016-04-22,449.69,449.81,444.15,445.74,58804400.0,6951860000.0,2016,4
2016-04-23,445.86,450.28,444.33,450.28,50485400.0,6894280000.0,2016,4
2016-04-24,450.56,460.15,448.93,458.56,68198400.0,6968570000.0,2016,4
2016-04-25,459.12,466.62,453.59,461.43,87091800.0,7102490000.0,2016,4
2016-04-26,461.65,467.96,461.62,466.09,78971900.0,7143060000.0,2016,4
2016-04-27,466.26,467.08,444.13,444.69,93564900.0,7216190000.0,2016,4
2016-04-28,445.04,449.55,436.65,449.01,74064700.0,6889170000.0,2016,4
2016-04-29,449.41,455.38,446.02,455.1,49258500.0,6958330000.0,2016,4
2016-04-30,455.18,455.59,447.7,448.32,69322600.0,7049460000.0,2016,4
2016-05-01,448.48,452.48,447.93,451.88,40660100.0,6947430000.0,2016,5
2016-05-02,451.93,452.44,441.78,444.67,92127000.0,7002610000.0,2016,5
2016-05-03,444.73,451.1,442.62,450.3,59366400.0,6892690000.0,2016,5
2016-05-04,450.18,450.38,445.63,446.72,50407300.0,6978950000.0,2016,5
2016-05-05,446.71,448.51,445.88,447.98,50440800.0,6926990000.0,2016,5
2016-05-06,447.94,461.38,447.07,459.6,72796800.0,6947800000.0,2016,5
2016-05-07,459.64,460.68,457.32,458.54,38364500.0,7131120000.0,2016,5
2016-05-08,458.43,459.42,455.98,458.55,40315000.0,7114060000.0,2016,5
2016-05-09,458.21,462.48,456.53,460.48,55493100.0,7112510000.0,2016,5
2016-05-10,460.52,461.93,448.95,450.89,58956100.0,7150370000.0,2016,5
2016-05-11,450.86,454.58,450.86,452.73,50605200.0,7002230000.0,2016,5
2016-05-12,452.45,454.95,449.25,454.77,59849300.0,7028330000.0,2016,5
2016-05-13,454.85,457.06,453.45,455.67,60845000.0,7067270000.0,2016,5
2016-05-14,455.82,456.84,454.79,455.67,37209000.0,7084100000.0,2016,5
2016-05-15,455.76,458.69,455.46,457.57,28514000.0,7084760000.0,2016,5
2016-05-16,457.59,458.2,452.94,454.16,59171500.0,7114740000.0,2016,5
2016-05-17,454.01,455.07,453.61,453.78,64100300.0,7060730000.0,2016,5
2016-05-18,453.69,456.0,453.3,454.62,86850100.0,7057390000.0,2016,5
2016-05-19,454.52,454.63,438.71,438.71,96027400.0,7072090000.0,2016,5
2016-05-20,437.79,444.05,437.39,442.68,81987900.0,6813080000.0,2016,5
2016-05-21,442.97,443.78,441.71,443.19,42762300.0,6895230000.0,2016,5
2016-05-22,443.22,443.43,439.04,439.32,39657600.0,6900700000.0,2016,5
2016-05-23,439.35,444.35,438.82,444.15,50582500.0,6842470000.0,2016,5
2016-05-24,444.29,447.1,443.93,445.98,65783100.0,6921460000.0,2016,5
2016-05-25,446.06,450.3,446.06,449.6,65231000.0,6950690000.0,2016,5
2016-05-26,449.67,453.64,447.9,453.38,65203800.0,7008500000.0,2016,5
2016-05-27,453.52,478.15,453.52,473.46,164781000.0,7070010000.0,2016,5
2016-05-28,473.03,533.47,472.7,530.04,181199000.0,7375780000.0,2016,5
2016-05-29,527.48,553.96,512.18,526.23,148737000.0,8226500000.0,2016,5
2016-05-30,528.47,544.35,522.96,533.86,87958700.0,8243960000.0,2016,5
2016-05-31,534.19,546.62,520.66,531.39,138450000.0,8335100000.0,2016,5
2016-06-01,531.11,543.08,525.64,536.92,86061800.0,8288680000.0,2016,6
2016-06-02,536.51,540.35,533.08,537.97,60378200.0,8375000000.0,2016,6
2016-06-03,537.68,574.64,536.92,569.19,122020000.0,8395070000.0,2016,6
2016-06-04,569.71,590.13,564.24,572.73,94925300.0,8897080000.0,2016,6
2016-06-05,573.31,582.81,569.18,574.98,68874100.0,8955060000.0,2016,6
2016-06-06,574.6,586.47,574.6,585.54,72138900.0,8977700000.0,2016,6
2016-06-07,585.45,590.26,567.51,576.6,107770000.0,9149580000.0,2016,6
2016-06-08,577.17,582.84,573.13,581.64,80265800.0,9022250000.0,2016,6
2016-06-09,582.2,582.2,570.95,574.63,71301000.0,9103080000.0,2016,6
2016-06-10,575.84,579.13,573.33,577.47,66991900.0,9005920000.0,2016,6
2016-06-11,578.67,607.12,578.67,606.73,82357000.0,9052360000.0,2016,6
2016-06-12,609.68,684.84,607.04,672.78,277085000.0,9539850000.0,2016,6
2016-06-13,671.65,716.0,664.49,704.38,243295000.0,10511900000.0,2016,6
2016-06-14,704.5,704.5,662.8,685.56,186694000.0,11028900000.0,2016,6
2016-06-15,685.68,696.3,672.56,694.47,99223800.0,10736600000.0,2016,6
2016-06-16,696.52,773.72,696.52,766.31,271634000.0,10908900000.0,2016,6
2016-06-17,768.49,775.36,716.56,748.91,363321000.0,12038900000.0,2016,6
2016-06-18,748.76,777.99,733.93,756.23,252718000.0,11732600000.0,2016,6
2016-06-19,756.69,766.62,745.63,763.78,136185000.0,11859800000.0,2016,6
2016-06-20,763.93,764.08,732.73,737.23,174511000.0,11976700000.0,2016,6
2016-06-21,735.88,735.88,639.07,666.65,309944000.0,11540000000.0,2016,6
2016-06-22,665.91,678.67,587.48,596.12,266393000.0,10445300000.0,2016,6
2016-06-23,597.44,629.33,558.14,623.98,253462000.0,9373190000.0,2016,6
2016-06-24,625.58,681.73,625.27,665.3,224317000.0,9816730000.0,2016,6
2016-06-25,665.28,691.73,646.56,665.12,126656000.0,10442000000.0,2016,6
2016-06-26,665.93,665.98,616.93,629.37,109225000.0,10454900000.0,2016,6
2016-06-27,629.35,655.27,620.52,655.27,122134000.0,9882840000.0,2016,6
2016-06-28,658.1,659.25,637.77,647.0,138385000.0,10336800000.0,2016,6
2016-06-29,644.12,644.68,628.28,639.89,142456000.0,10119600000.0,2016,6
2016-06-30,640.59,675.4,636.61,673.34,138980000.0,10066400000.0,2016,6
2016-07-01,672.51,686.15,669.59,676.3,134431000.0,10570600000.0,2016,7
2016-07-02,676.73,703.7,676.4,703.7,112354000.0,10639600000.0,2016,7
2016-07-03,704.97,704.97,649.01,658.66,129512000.0,11086100000.0,2016,7
2016-07-04,658.8,683.66,650.51,683.66,92008400.0,10362700000.0,2016,7
2016-07-05,683.21,683.49,665.07,670.63,130476000.0,10749100000.0,2016,7
2016-07-06,670.42,681.9,670.42,677.33,134961000.0,10550300000.0,2016,7
2016-07-07,678.09,682.43,611.83,640.56,258091000.0,10673400000.0,2016,7
2016-07-08,640.69,666.71,636.47,666.52,141970000.0,10086900000.0,2016,7
2016-07-09,666.38,666.38,633.4,650.96,180536000.0,10493800000.0,2016,7
2016-07-10,650.6,652.29,641.26,649.36,102532000.0,10247300000.0,2016,7
2016-07-11,648.48,659.63,644.98,647.66,107910000.0,10215200000.0,2016,7
2016-07-12,648.28,675.26,646.78,664.55,138173000.0,10213100000.0,2016,7
2016-07-13,664.8,668.7,654.47,654.47,131449000.0,10474500000.0,2016,7
2016-07-14,652.92,662.9,652.92,658.08,98511400.0,10288400000.0,2016,7
2016-07-15,659.17,667.08,659.04,663.25,81673100.0,10387900000.0,2016,7
2016-07-16,663.78,666.46,659.33,660.77,50330200.0,10461700000.0,2016,7
2016-07-17,661.99,682.37,661.99,679.46,74407900.0,10434700000.0,2016,7
2016-07-18,679.81,681.55,668.63,673.11,69465000.0,10716800000.0,2016,7
2016-07-19,672.74,673.28,667.63,672.86,61203300.0,10606500000.0,2016,7
2016-07-20,672.81,672.93,663.36,665.68,94636400.0,10608600000.0,2016,7
2016-07-21,665.23,666.22,660.41,665.01,60491800.0,10490300000.0,2016,7
2016-07-22,664.92,666.58,646.72,650.62,134169000.0,10486600000.0,2016,7
2016-07-23,650.73,656.37,648.52,655.56,69532200.0,10263700000.0,2016,7
2016-07-24,655.41,663.11,652.79,661.28,118184000.0,10338600000.0,2016,7
2016-07-25,661.26,661.83,653.39,654.1,78176500.0,10431900000.0,2016,7
2016-07-26,654.23,656.23,645.88,651.78,225135000.0,10321900000.0,2016,7
2016-07-27,651.63,657.46,648.45,654.35,147461000.0,10281900000.0,2016,7
2016-07-28,654.49,657.6,654.49,655.03,86428400.0,10328100000.0,2016,7
2016-07-29,655.11,657.8,654.79,656.99,60703500.0,10338900000.0,2016,7
2016-07-30,657.01,658.22,654.21,655.05,38456100.0,10370100000.0,2016,7
2016-07-31,655.1,655.28,624.37,624.68,110818000.0,10340900000.0,2016,7
2016-08-01,624.6,626.12,605.88,606.27,121887000.0,9860620000.0,2016,8
2016-08-02,606.4,612.85,531.33,547.47,330933000.0,9574320000.0,2016,8
2016-08-03,548.66,573.36,541.55,566.36,207982000.0,8663670000.0,2016,8
2016-08-04,566.33,579.5,565.78,578.29,125292000.0,8943870000.0,2016,8
2016-08-05,578.28,578.28,569.98,575.04,66127900.0,9133690000.0,2016,8
2016-08-06,575.03,588.4,569.47,587.78,80797300.0,9083510000.0,2016,8
2016-08-07,587.77,597.51,586.82,592.69,82398400.0,9285940000.0,2016,8
2016-08-08,592.74,592.99,588.05,591.05,61194100.0,9365440000.0,2016,8
2016-08-09,591.04,591.09,584.79,587.8,92228100.0,9339660000.0,2016,8
2016-08-10,587.65,599.98,586.37,592.1,102905000.0,9286960000.0,2016,8
2016-08-11,592.12,597.54,589.12,589.12,74514400.0,9358770000.0,2016,8
2016-08-12,588.8,589.91,583.81,587.56,69218000.0,9307250000.0,2016,8
2016-08-13,587.36,589.77,584.98,585.59,43563000.0,9285530000.0,2016,8
2016-08-14,585.59,585.67,564.78,570.47,60851100.0,9258730000.0,2016,8
2016-08-15,570.49,573.58,563.24,567.24,57262300.0,9021180000.0,2016,8
2016-08-16,567.24,581.74,566.72,577.44,58405200.0,8970770000.0,2016,8
2016-08-17,577.76,580.89,571.43,573.22,54443000.0,9138030000.0,2016,8
2016-08-18,573.71,577.79,573.43,574.32,59896600.0,9074760000.0,2016,8
2016-08-19,574.34,578.24,574.18,575.63,50631600.0,9085820000.0,2016,8
2016-08-20,576.08,582.82,575.46,581.7,45301400.0,9114500000.0,2016,8
2016-08-21,581.94,584.16,580.22,581.31,38299400.0,9208210000.0,2016,8
2016-08-22,581.31,588.45,580.59,586.75,72844000.0,9199410000.0,2016,8
2016-08-23,586.77,589.47,581.63,583.41,85349200.0,9286930000.0,2016,8
2016-08-24,583.41,583.59,579.86,580.18,56328200.0,9234800000.0,2016,8
2016-08-25,580.18,580.45,575.17,577.76,136130000.0,9184700000.0,2016,8
2016-08-26,577.75,580.62,576.86,579.65,48856800.0,9147170000.0,2016,8
2016-08-27,579.45,579.85,568.63,569.95,59698300.0,9174990000.0,2016,8
2016-08-28,569.83,574.04,569.74,573.91,86301600.0,9023610000.0,2016,8
2016-08-29,574.07,576.28,573.47,574.11,110398000.0,9091830000.0,2016,8
2016-08-30,574.11,578.36,574.11,577.5,70342400.0,9093530000.0,2016,8
2016-08-31,577.59,577.86,573.64,575.47,75840900.0,9149730000.0,2016,8
2016-09-01,575.55,576.31,571.81,572.3,76923400.0,9118280000.0,2016,9
2016-09-02,572.41,575.64,570.81,575.54,79910800.0,9069550000.0,2016,9
2016-09-03,575.55,599.5,574.06,598.21,159014000.0,9120440000.0,2016,9
2016-09-04,598.59,611.84,596.85,608.63,97942900.0,9486370000.0,2016,9
2016-09-05,608.99,609.05,602.24,606.59,82446800.0,9652490000.0,2016,9
2016-09-06,606.51,610.83,605.09,610.44,78529100.0,9614140000.0,2016,9
2016-09-07,610.57,614.54,608.51,614.54,75032400.0,9679610000.0,2016,9
2016-09-08,614.63,628.77,613.84,626.32,86713000.0,9745120000.0,2016,9
2016-09-09,626.35,626.83,620.26,622.86,64550200.0,9931980000.0,2016,9
2016-09-10,622.93,625.1,622.39,623.51,45016800.0,9878730000.0,2016,9
2016-09-11,623.42,628.82,600.51,606.72,73610800.0,9887780000.0,2016,9
2016-09-12,607.0,608.46,605.41,608.24,72812300.0,9628560000.0,2016,9
2016-09-13,608.02,611.19,606.92,609.24,86920600.0,9645930000.0,2016,9
2016-09-14,608.84,611.95,608.41,610.68,47877700.0,9660080000.0,2016,9
2016-09-15,610.59,611.09,607.15,607.15,59464600.0,9688940000.0,2016,9
2016-09-16,607.25,609.26,606.74,606.97,64963400.0,9637020000.0,2016,9
2016-09-17,607.22,607.86,605.19,605.98,37140300.0,9637600000.0,2016,9
2016-09-18,606.28,610.16,605.86,609.87,48679400.0,9623950000.0,2016,9
2016-09-19,609.87,610.93,608.27,609.23,54796400.0,9681960000.0,2016,9
2016-09-20,609.25,609.52,607.94,608.31,72710900.0,9673140000.0,2016,9
2016-09-21,603.59,603.59,595.88,597.15,82776200.0,9584260000.0,2016,9
2016-09-22,597.28,598.49,596.21,596.3,67085300.0,9485280000.0,2016,9
2016-09-23,596.2,603.21,595.79,602.84,51067000.0,9469130000.0,2016,9
2016-09-24,602.96,604.58,602.04,602.63,35359500.0,9577520000.0,2016,9
2016-09-25,602.75,603.38,599.71,600.83,33977800.0,9575360000.0,2016,9
2016-09-26,600.81,608.14,600.35,608.04,59153800.0,9545830000.0,2016,9
2016-09-27,608.02,608.25,604.11,606.17,49422400.0,9661590000.0,2016,9
2016-09-28,606.24,606.59,604.61,604.73,48722600.0,9634530000.0,2016,9
2016-09-29,605.02,606.82,604.85,605.69,55658600.0,9616160000.0,2016,9
2016-09-30,605.72,609.74,604.14,609.74,56122400.0,9628250000.0,2016,9
2016-10-01,609.93,615.24,609.93,613.98,56357000.0,9696280000.0,2016,10
2016-10-02,613.95,614.0,609.68,610.89,39249800.0,9761330000.0,2016,10
2016-10-03,610.97,612.57,610.46,612.13,46798300.0,9714980000.0,2016,10
2016-10-04,612.05,612.05,609.48,610.2,49801600.0,9733330000.0,2016,10
2016-10-05,610.22,613.81,609.62,612.51,68077500.0,9705320000.0,2016,10
2016-10-06,612.47,613.82,611.47,613.02,56812100.0,9742370000.0,2016,10
2016-10-07,612.61,617.91,611.82,617.12,64071400.0,9745740000.0,2016,10
2016-10-08,617.34,619.85,617.34,619.11,42345900.0,9822100000.0,2016,10
2016-10-09,619.17,619.2,616.61,616.75,39243400.0,9852480000.0,2016,10
2016-10-10,616.82,621.32,616.2,618.99,67481100.0,9816270000.0,2016,10
2016-10-11,619.24,642.08,618.5,641.07,103590000.0,9855650000.0,2016,10
2016-10-12,640.87,641.34,635.97,636.19,92370200.0,10201000000.0,2016,10
2016-10-13,636.03,638.83,635.03,636.79,61620700.0,10125100000.0,2016,10
2016-10-14,637.01,641.28,637.01,640.38,58144600.0,10141600000.0,2016,10
2016-10-15,640.31,642.1,637.39,638.65,39035400.0,10195200000.0,2016,10
2016-10-16,639.08,642.9,638.9,641.63,40298100.0,10176800000.0,2016,10
2016-10-17,641.82,642.33,638.66,639.19,58063600.0,10221300000.0,2016,10
2016-10-18,639.41,640.74,636.0,637.96,65546700.0,10184000000.0,2016,10
2016-10-19,638.13,638.87,628.01,630.52,69381700.0,10164800000.0,2016,10
2016-10-20,630.66,631.92,628.26,630.86,56957300.0,10046700000.0,2016,10
2016-10-21,630.83,634.09,630.69,632.83,55951000.0,10050300000.0,2016,10
2016-10-22,633.14,658.2,632.85,657.29,78556500.0,10088400000.0,2016,10
2016-10-23,657.62,661.13,653.89,657.07,54474600.0,10479700000.0,2016,10
2016-10-24,657.16,657.25,652.6,653.76,62218200.0,10473500000.0,2016,10
2016-10-25,654.0,664.42,653.7,657.59,90378800.0,10424300000.0,2016,10
2016-10-26,657.68,679.73,657.68,678.3,88877100.0,10484000000.0,2016,10
2016-10-27,678.21,688.59,678.04,688.31,96105300.0,10812500000.0,2016,10
2016-10-28,688.0,690.44,684.16,689.65,81145500.0,10969800000.0,2016,10
2016-10-29,690.29,720.4,690.05,714.48,134761000.0,11007600000.0,2016,10
2016-10-30,714.12,714.12,696.48,701.86,100665000.0,11388800000.0,2016,10
2016-10-31,702.64,709.29,691.68,700.97,97064400.0,11207200000.0,2016,10
2016-11-01,701.34,736.45,701.34,729.79,130527000.0,11187700000.0,2016,11
2016-11-02,730.07,740.83,722.35,740.83,84865200.0,11647200000.0,2016,11
2016-11-03,742.35,745.77,678.16,688.7,172808000.0,11844300000.0,2016,11
2016-11-04,689.12,706.93,685.56,703.24,99907700.0,10996400000.0,2016,11
2016-11-05,703.52,707.51,697.74,703.42,53752300.0,11227200000.0,2016,11
2016-11-06,703.81,714.26,699.56,711.52,59902200.0,11233000000.0,2016,11
2016-11-07,710.74,710.74,699.9,703.13,65047100.0,11344800000.0,2016,11
2016-11-08,703.09,712.99,702.39,709.85,79660800.0,11224000000.0,2016,11
2016-11-09,709.83,740.05,708.61,723.27,132429000.0,11333000000.0,2016,11
2016-11-10,722.84,723.02,711.21,715.53,68807800.0,11542100000.0,2016,11
2016-11-11,715.55,718.32,714.41,716.41,63119700.0,11427200000.0,2016,11
2016-11-12,716.75,717.15,704.03,705.05,64622500.0,11447700000.0,2016,11
2016-11-13,705.2,705.26,687.32,702.03,80318100.0,11264500000.0,2016,11
2016-11-14,702.0,706.28,699.81,705.02,62993000.0,11214600000.0,2016,11
2016-11-15,705.79,715.72,705.26,711.62,72038500.0,11283400000.0,2016,11
2016-11-16,711.17,747.62,709.04,744.2,141294000.0,11370700000.0,2016,11
2016-11-17,744.88,755.64,739.51,740.98,108579000.0,11911300000.0,2016,11
2016-11-18,740.71,752.88,736.89,751.59,87363100.0,11846000000.0,2016,11
2016-11-19,751.83,756.24,744.47,751.62,110608000.0,12025400000.0,2016,11
2016-11-20,751.88,755.48,717.94,731.03,154116000.0,12027500000.0,2016,11
2016-11-21,731.26,741.72,730.51,739.25,60802400.0,11698900000.0,2016,11
2016-11-22,739.64,753.87,736.53,751.35,129906000.0,11834200000.0,2016,11
2016-11-23,751.74,752.25,738.92,744.59,76543800.0,12029000000.0,2016,11
2016-11-24,744.62,746.83,733.49,740.29,85919300.0,11916500000.0,2016,11
2016-11-25,740.44,741.65,734.59,741.65,67807600.0,11851100000.0,2016,11
2016-11-26,741.51,742.21,729.63,735.38,54962700.0,11869600000.0,2016,11
2016-11-27,735.44,739.02,731.09,732.03,52601800.0,11773800000.0,2016,11
2016-11-28,732.48,738.01,732.48,735.81,61888600.0,11727800000.0,2016,11
2016-11-29,736.33,737.47,734.56,735.6,68511100.0,11790900000.0,2016,11
2016-11-30,736.28,747.93,736.26,745.69,84070800.0,11791600000.0,2016,11
2016-12-01,746.05,758.27,746.05,756.77,80461900.0,11949200000.0,2016,12
2016-12-02,757.54,781.3,757.54,777.94,127605000.0,12134800000.0,2016,12
2016-12-03,778.25,778.25,764.86,771.15,69547300.0,12467800000.0,2016,12
2016-12-04,771.64,773.87,768.16,773.87,60557900.0,12363600000.0,2016,12
2016-12-05,773.39,773.47,751.71,758.7,106363000.0,12393100000.0,2016,12
2016-12-06,758.72,765.62,758.72,764.22,116218000.0,12159400000.0,2016,12
2016-12-07,764.21,771.54,759.75,768.13,96426100.0,12248900000.0,2016,12
2016-12-08,768.08,774.7,765.95,770.81,80111900.0,12312500000.0,2016,12
2016-12-09,769.94,774.53,769.65,772.79,68705300.0,12344000000.0,2016,12
2016-12-10,773.02,777.09,772.91,774.65,53843100.0,12394500000.0,2016,12
2016-12-11,774.75,774.8,765.41,769.73,57313400.0,12423600000.0,2016,12
2016-12-12,770.04,781.92,770.04,780.09,76571000.0,12349800000.0,2016,12
2016-12-13,780.65,788.46,777.96,780.56,81645600.0,12521500000.0,2016,12
2016-12-14,780.0,782.03,776.84,781.48,75979000.0,12512900000.0,2016,12
2016-12-15,780.07,781.43,777.8,778.09,81580100.0,12511700000.0,2016,12
2016-12-16,778.96,785.03,778.96,784.91,83608200.0,12498800000.0,2016,12
2016-12-17,785.17,792.51,784.86,790.83,78989800.0,12599600000.0,2016,12
2016-12-18,791.01,794.74,788.03,790.53,60524400.0,12694800000.0,2016,12
2016-12-19,790.69,793.61,790.32,792.71,74886400.0,12691100000.0,2016,12
2016-12-20,792.25,801.34,791.5,800.88,99629300.0,12717600000.0,2016,12
2016-12-21,800.64,834.28,799.4,834.28,155576000.0,12853700000.0,2016,12
2016-12-22,834.18,875.78,834.15,864.54,200027000.0,13393800000.0,2016,12
2016-12-23,864.89,925.12,864.68,921.98,275564000.0,13888600000.0,2016,12
2016-12-24,922.18,923.48,886.34,898.82,137727000.0,14810300000.0,2016,12
2016-12-25,899.65,899.65,862.42,896.18,143665000.0,14450100000.0,2016,12
2016-12-26,896.9,913.18,896.9,907.61,123771000.0,14407800000.0,2016,12
2016-12-27,908.35,940.05,904.25,933.2,167308000.0,14593300000.0,2016,12
2016-12-28,934.83,975.92,934.83,975.92,236630000.0,15020500000.0,2016,12
2016-12-29,975.13,979.4,954.5,973.5,199320000.0,15670000000.0,2016,12
2016-12-30,972.53,972.53,934.83,961.24,187474000.0,15630200000.0,2016,12
2016-12-31,960.63,963.74,947.24,963.74,99135100.0,15440700000.0,2016,12
2017-01-01,963.66,1003.08,958.7,998.33,147775000.0,15491200000.0,2017,1
2017-01-02,998.62,1031.39,996.7,1021.75,222185000.0,16055100000.0,2017,1
2017-01-03,1021.6,1044.08,1021.6,1043.84,185168000.0,16426600000.0,2017,1
2017-01-04,1044.4,1159.42,1044.4,1154.73,344946000.0,16795400000.0,2017,1
2017-01-05,1156.73,1191.1,910.42,1013.38,510199000.0,18604000000.0,2017,1
2017-01-06,1014.24,1046.81,883.94,902.2,351876000.0,16314100000.0,2017,1
2017-01-07,903.49,908.59,823.56,908.59,279550000.0,14534400000.0,2017,1
2017-01-08,908.17,942.72,887.25,911.2,158715000.0,14611400000.0,2017,1
2017-01-09,913.24,913.69,879.81,902.83,141877000.0,14694900000.0,2017,1
2017-01-10,902.44,914.87,901.06,907.68,115808000.0,14522600000.0,2017,1
2017-01-11,908.12,919.45,762.76,777.76,310929000.0,14615700000.0,2017,1
2017-01-12,775.18,826.25,755.76,804.83,222326000.0,12477600000.0,2017,1
2017-01-13,803.74,829.0,780.0,823.98,168968000.0,12939100000.0,2017,1
2017-01-14,825.14,835.09,812.46,818.41,93063300.0,13285200000.0,2017,1
2017-01-15,818.14,823.31,812.87,821.8,71013600.0,13174300000.0,2017,1
2017-01-16,821.78,834.53,820.27,831.53,82755200.0,13234600000.0,2017,1
2017-01-17,830.95,910.56,830.8,907.94,155095000.0,13383900000.0,2017,1
2017-01-18,909.37,917.5,858.3,886.62,225677000.0,14648900000.0,2017,1
2017-01-19,888.34,904.61,884.34,899.07,105625000.0,14311700000.0,2017,1
2017-01-20,898.17,899.4,887.01,895.03,86728400.0,14472100000.0,2017,1
2017-01-21,895.55,927.37,895.53,921.79,111158000.0,14432000000.0,2017,1
2017-01-22,922.21,937.52,897.56,924.67,116573000.0,14863600000.0,2017,1
2017-01-23,925.5,928.27,916.74,921.01,73588600.0,14918800000.0,2017,1
2017-01-24,910.68,924.14,892.29,892.69,111349000.0,14681400000.0,2017,1
2017-01-25,891.92,903.25,891.69,901.54,120831000.0,14380700000.0,2017,1
2017-01-26,902.39,919.33,902.22,917.59,131958000.0,14551200000.0,2017,1
2017-01-27,918.36,923.22,915.85,919.75,125594000.0,14810400000.0,2017,1
2017-01-28,919.81,923.91,919.81,921.59,68979600.0,14835800000.0,2017,1
2017-01-29,922.07,923.42,919.15,919.5,60851700.0,14874000000.0,2017,1
2017-01-30,920.15,923.05,919.47,920.38,78227300.0,14844900000.0,2017,1
2017-01-31,920.96,972.02,920.96,970.4,164582000.0,14859700000.0,2017,1
2017-02-01,970.94,989.11,970.74,989.02,150110000.0,15667900000.0,2017,2
2017-02-02,990.0,1013.52,983.22,1011.8,145821000.0,15977800000.0,2017,2
2017-02-03,1011.46,1033.87,1008.79,1029.91,201278000.0,16326100000.0,2017,2
2017-02-04,1031.33,1045.9,1015.16,1042.9,155064000.0,16648800000.0,2017,2
2017-02-05,1043.52,1043.63,1022.37,1027.34,114208000.0,16847400000.0,2017,2
2017-02-06,1028.4,1044.64,1028.16,1038.15,111762000.0,16605400000.0,2017,2
2017-02-07,1040.14,1061.93,1040.14,1061.35,146007000.0,16796600000.0,2017,2
2017-02-08,1062.32,1078.97,1037.49,1063.07,201855000.0,17156700000.0,2017,2
2017-02-09,1064.7,1088.99,953.34,994.38,407220000.0,17197100000.0,2017,2
2017-02-10,995.63,998.9,946.69,988.67,190452000.0,16083600000.0,2017,2
2017-02-11,988.9,1009.29,982.83,1004.45,102261000.0,15976700000.0,2017,2
2017-02-12,1003.52,1004.76,996.92,999.18,67530000.0,16214700000.0,2017,2
2017-02-13,998.88,1002.1,976.0,990.64,100607000.0,16141500000.0,2017,2
2017-02-14,991.74,1011.51,986.47,1004.55,137946000.0,16028000000.0,2017,2
2017-02-15,1006.21,1008.84,1001.58,1007.48,89759400.0,16264100000.0,2017,2
2017-02-16,1007.65,1033.37,1007.65,1027.44,122277000.0,16289100000.0,2017,2
2017-02-17,1026.12,1053.17,1025.64,1046.21,136474000.0,16589600000.0,2017,2
2017-02-18,1049.21,1061.1,1046.96,1054.42,99073500.0,16964800000.0,2017,2
2017-02-19,1054.76,1056.81,1043.46,1047.87,77423300.0,17056600000.0,2017,2
2017-02-20,1048.69,1080.49,1041.69,1079.98,109478000.0,16960200000.0,2017,2
2017-02-21,1079.28,1117.25,1076.93,1115.3,186869000.0,17456900000.0,2017,2
2017-02-22,1114.8,1125.39,1100.55,1117.44,136100000.0,18033400000.0,2017,2
2017-02-23,1117.27,1176.62,1116.96,1166.72,189454000.0,18075200000.0,2017,2
2017-02-24,1172.71,1200.39,1131.96,1173.68,330759000.0,18974400000.0,2017,2
2017-02-25,1170.41,1174.85,1124.59,1143.84,139961000.0,18939500000.0,2017,2
2017-02-26,1144.27,1167.47,1130.2,1165.2,116486000.0,18518900000.0,2017,2
2017-02-27,1163.78,1181.98,1163.38,1179.97,131570000.0,18837300000.0,2017,2
2017-02-28,1180.72,1193.25,1171.82,1179.97,184956000.0,19113600000.0,2017,2
2017-03-01,1180.04,1222.5,1179.69,1222.5,229057000.0,19104800000.0,2017,3
2017-03-02,1224.68,1262.13,1215.62,1251.01,368275000.0,19829800000.0,2017,3
2017-03-03,1250.71,1280.31,1250.71,1274.99,315739000.0,20253700000.0,2017,3
2017-03-04,1277.43,1279.4,1230.51,1255.15,183270000.0,20688800000.0,2017,3
2017-03-05,1254.29,1267.29,1238.06,1267.12,134127000.0,20316000000.0,2017,3
2017-03-06,1267.47,1276.0,1264.6,1272.83,153657000.0,20531900000.0,2017,3
2017-03-07,1273.21,1275.55,1204.8,1223.54,291256000.0,20627100000.0,2017,3
2017-03-08,1223.23,1232.16,1148.08,1150.0,332603000.0,19819800000.0,2017,3
2017-03-09,1150.35,1197.46,1141.23,1188.49,212283000.0,18640900000.0,2017,3
2017-03-10,1189.36,1270.47,1077.25,1116.72,563796000.0,19275300000.0,2017,3
2017-03-11,1116.32,1193.83,1116.32,1175.83,283320000.0,18093700000.0,2017,3
2017-03-12,1176.62,1226.98,1175.36,1221.38,227176000.0,19073300000.0,2017,3
2017-03-13,1221.78,1237.37,1217.03,1231.92,380277000.0,19807700000.0,2017,3
2017-03-14,1232.16,1244.81,1220.72,1240.0,245306000.0,19978200000.0,2017,3
2017-03-15,1240.16,1251.61,1239.75,1249.61,297805000.0,20110400000.0,2017,3
2017-03-16,1251.33,1257.98,1152.44,1187.81,638568000.0,20293700000.0,2017,3
2017-03-17,1180.16,1180.16,1099.57,1100.23,706599000.0,19141800000.0,2017,3
2017-03-18,1099.69,1114.07,957.65,973.82,621302000.0,17838700000.0,2017,3
2017-03-19,976.73,1069.91,976.73,1036.74,406648000.0,15846000000.0,2017,3
2017-03-20,1037.24,1063.03,1036.68,1054.23,286530000.0,16829800000.0,2017,3
2017-03-21,1055.36,1122.43,1055.36,1120.54,337391000.0,17125600000.0,2017,3
2017-03-22,1120.65,1120.65,1014.21,1049.14,380841000.0,18187100000.0,2017,3
2017-03-23,1050.05,1058.01,1028.93,1038.59,248540000.0,17043400000.0,2017,3
2017-03-24,1038.45,1040.47,934.36,937.52,491038000.0,16857000000.0,2017,3
2017-03-25,936.54,975.76,903.71,972.78,435803000.0,15204800000.0,2017,3
2017-03-26,974.01,1007.96,954.19,966.73,303668000.0,15814800000.0,2017,3
2017-03-27,972.05,1046.4,971.98,1045.77,372535000.0,15785000000.0,2017,3
2017-03-28,1044.58,1064.65,1027.73,1047.15,326332000.0,16964500000.0,2017,3
2017-03-29,1046.08,1055.13,1015.88,1039.97,298458000.0,16990900000.0,2017,3
2017-03-30,1042.21,1049.29,1020.04,1026.43,352969000.0,16929800000.0,2017,3
2017-03-31,1026.64,1074.92,1026.64,1071.79,447287000.0,16679000000.0,2017,3
2017-04-01,1071.71,1091.72,1061.09,1080.5,289634000.0,17413000000.0,2017,4
2017-04-02,1080.61,1107.59,1075.45,1102.17,514187000.0,17559400000.0,2017,4
2017-04-03,1102.95,1151.74,1102.95,1143.81,580444000.0,17924600000.0,2017,4
2017-04-04,1145.52,1156.44,1120.52,1133.25,436310000.0,18619000000.0,2017,4
2017-04-05,1134.14,1135.09,1113.63,1124.78,414784000.0,18435700000.0,2017,4
2017-04-06,1125.81,1188.37,1125.81,1182.68,511222000.0,18302600000.0,2017,4
2017-04-07,1178.94,1186.58,1163.39,1176.9,317022000.0,19168500000.0,2017,4
2017-04-08,1172.65,1184.98,1162.58,1175.95,209312000.0,19068600000.0,2017,4
2017-04-09,1176.57,1197.21,1171.86,1187.87,242343000.0,19134400000.0,2017,4
2017-04-10,1187.3,1190.34,1179.04,1187.13,215883000.0,19311200000.0,2017,4
2017-04-11,1187.46,1208.07,1187.46,1205.01,216182000.0,19316000000.0,2017,4
2017-04-12,1204.81,1207.14,1196.76,1200.37,288702000.0,19600800000.0,2017,4
2017-04-13,1201.02,1205.89,1156.44,1169.28,351969000.0,19541300000.0,2017,4
2017-04-14,1170.33,1190.8,1159.79,1167.54,254827000.0,19043800000.0,2017,4
2017-04-15,1167.3,1188.0,1164.96,1172.52,203559000.0,18996500000.0,2017,4
2017-04-16,1172.61,1187.22,1172.61,1182.94,183231000.0,19085100000.0,2017,4
2017-04-17,1183.25,1194.9,1172.65,1193.91,253206000.0,19260500000.0,2017,4
2017-04-18,1193.77,1217.57,1193.77,1211.67,270524000.0,19433800000.0,2017,4
2017-04-19,1212.13,1215.51,1205.08,1210.29,288061000.0,19734800000.0,2017,4
2017-04-20,1211.08,1240.79,1208.41,1229.08,315108000.0,19719900000.0,2017,4
2017-04-21,1229.42,1235.94,1215.56,1222.05,272167000.0,20020700000.0,2017,4
2017-04-22,1222.71,1235.56,1208.47,1231.71,249320000.0,19913900000.0,2017,4
2017-04-23,1231.92,1232.2,1203.94,1207.21,258951000.0,20066200000.0,2017,4
2017-04-24,1209.63,1250.94,1209.63,1250.15,235806000.0,19705400000.0,2017,4
2017-04-25,1250.45,1267.58,1249.97,1265.49,242556000.0,20372300000.0,2017,4
2017-04-26,1265.99,1294.83,1265.93,1281.08,329631000.0,20627900000.0,2017,4
2017-04-27,1281.88,1319.7,1281.3,1317.73,449197000.0,20889200000.0,2017,4
2017-04-28,1317.74,1331.28,1292.37,1316.48,527489000.0,21476000000.0,2017,4
2017-04-29,1317.84,1327.2,1315.21,1321.79,422706000.0,21479800000.0,2017,4
2017-04-30,1321.87,1347.91,1314.92,1347.89,413115000.0,21548400000.0,2017,4
2017-05-01,1348.3,1434.32,1348.3,1421.6,713624000.0,21981800000.0,2017,5
2017-05-02,1421.03,1473.9,1415.69,1452.82,477338000.0,23170200000.0,2017,5
2017-05-03,1453.78,1492.77,1447.49,1490.09,583796000.0,23707100000.0,2017,5
2017-05-04,1490.72,1608.91,1490.72,1537.67,933549000.0,24311900000.0,2017,5
2017-05-05,1540.87,1618.03,1530.31,1555.45,946036000.0,25133100000.0,2017,5
2017-05-06,1556.81,1578.8,1542.5,1578.8,582530000.0,25395600000.0,2017,5
2017-05-07,1579.47,1596.72,1559.76,1596.71,1080030000.0,25768500000.0,2017,5
2017-05-08,1596.92,1723.35,1596.92,1723.35,1340320000.0,26056500000.0,2017,5
2017-05-09,1723.89,1833.49,1716.3,1755.36,1167920000.0,28132200000.0,2017,5
2017-05-10,1756.52,1788.44,1719.1,1787.13,915723000.0,28668100000.0,2017,5
2017-05-11,1780.37,1873.93,1755.35,1848.57,799490000.0,29060600000.0,2017,5
2017-05-12,1845.76,1856.15,1694.01,1724.24,740984000.0,30131100000.0,2017,5
2017-05-13,1723.12,1812.99,1651.08,1804.91,579635000.0,28132300000.0,2017,5
2017-05-14,1800.86,1831.42,1776.62,1808.91,437196000.0,29405100000.0,2017,5
2017-05-15,1808.44,1812.8,1708.54,1738.43,731529000.0,29532600000.0,2017,5
2017-05-16,1741.7,1785.94,1686.54,1734.45,959045000.0,28446300000.0,2017,5
2017-05-17,1726.73,1864.05,1661.91,1839.09,1064730000.0,28204800000.0,2017,5
2017-05-18,1818.7,1904.48,1807.12,1888.65,894321000.0,29710500000.0,2017,5
2017-05-19,1897.37,2004.52,1890.25,1987.71,1157290000.0,30999000000.0,2017,5
2017-05-20,1984.24,2084.73,1974.92,2084.73,961336000.0,32422400000.0,2017,5
2017-05-21,2067.03,2119.08,2037.5,2041.2,1147860000.0,33779400000.0,2017,5
2017-05-22,2043.19,2303.9,2017.87,2173.4,1942220000.0,33393600000.0,2017,5
2017-05-23,2191.56,2320.82,2178.5,2320.42,1378750000.0,35822600000.0,2017,5
2017-05-24,2321.37,2523.72,2321.37,2443.64,1725380000.0,37949200000.0,2017,5
2017-05-25,2446.24,2763.71,2285.3,2304.98,2406700000.0,39995400000.0,2017,5
2017-05-26,2320.89,2573.79,2071.99,2202.42,1763480000.0,37950600000.0,2017,5
2017-05-27,2196.27,2260.2,1855.83,2038.87,1700480000.0,35917100000.0,2017,5
2017-05-28,2054.08,2267.34,2054.08,2155.8,1147140000.0,33595900000.0,2017,5
2017-05-29,2159.43,2307.05,2107.17,2255.61,994625000.0,35323500000.0,2017,5
2017-05-30,2255.36,2301.96,2124.57,2175.47,1443970000.0,36897000000.0,2017,5
2017-05-31,2187.19,2311.08,2145.57,2286.41,1544830000.0,35786700000.0,2017,5
2017-06-01,2288.33,2448.39,2288.33,2407.88,1653180000.0,37446200000.0,2017,6
2017-06-02,2404.03,2488.55,2373.32,2488.55,1317030000.0,39344600000.0,2017,6
2017-06-03,2493.72,2581.91,2423.57,2515.35,1514950000.0,40817100000.0,2017,6
2017-06-04,2547.79,2585.89,2452.54,2511.81,1355120000.0,41708200000.0,2017,6
2017-06-05,2512.4,2686.81,2510.22,2686.81,1369310000.0,41133900000.0,2017,6
2017-06-06,2690.84,2999.91,2690.84,2863.2,2089610000.0,44061000000.0,2017,6
2017-06-07,2869.38,2869.38,2700.56,2732.16,1517710000.0,46989800000.0,2017,6
2017-06-08,2720.49,2815.3,2670.95,2805.62,1281170000.0,44557100000.0,2017,6
2017-06-09,2807.44,2901.71,2795.62,2823.81,1348950000.0,45987100000.0,2017,6
2017-06-10,2828.14,2950.99,2746.55,2947.71,2018890000.0,46331400000.0,2017,6
2017-06-11,2942.41,2996.6,2840.53,2958.11,1752400000.0,48208700000.0,2017,6
2017-06-12,2953.22,2997.26,2518.56,2659.63,2569530000.0,48391200000.0,2017,6
2017-06-13,2680.91,2789.04,2650.38,2717.02,1781200000.0,43934100000.0,2017,6
2017-06-14,2716.88,2786.83,2412.94,2506.37,1696560000.0,44528300000.0,2017,6
2017-06-15,2499.58,2534.71,2212.96,2464.58,2026260000.0,40971300000.0,2017,6
2017-06-16,2469.57,2539.92,2385.15,2518.56,1195190000.0,40484100000.0,2017,6
2017-06-17,2514.01,2685.19,2484.96,2655.88,1534510000.0,41217200000.0,2017,6
2017-06-18,2655.35,2662.1,2516.33,2548.29,1178660000.0,43539300000.0,2017,6
2017-06-19,2549.03,2662.85,2549.03,2589.6,1446840000.0,41800600000.0,2017,6
2017-06-20,2591.26,2763.45,2589.82,2721.79,1854190000.0,42498000000.0,2017,6
2017-06-21,2709.43,2772.01,2660.4,2689.1,1626580000.0,44440800000.0,2017,6
2017-06-22,2691.03,2723.74,2642.36,2705.41,1097940000.0,44143700000.0,2017,6
2017-06-23,2707.34,2765.17,2706.37,2744.91,961319000.0,44415900000.0,2017,6
2017-06-24,2738.52,2757.94,2583.19,2608.72,982750000.0,44932900000.0,2017,6
2017-06-25,2607.25,2682.26,2552.12,2589.41,1161100000.0,42783800000.0,2017,6
2017-06-26,2590.57,2615.25,2376.29,2478.45,1663280000.0,42514000000.0,2017,6
2017-06-27,2478.45,2552.45,2332.99,2552.45,1489790000.0,40677900000.0,2017,6
2017-06-28,2553.03,2603.98,2484.42,2574.79,1183870000.0,41906700000.0,2017,6
2017-06-29,2567.56,2588.83,2510.48,2539.32,949979000.0,42150300000.0,2017,6
2017-06-30,2539.24,2559.25,2478.43,2480.84,860273000.0,41689100000.0,2017,6
2017-07-01,2492.6,2515.27,2419.23,2434.55,779914000.0,40928200000.0,2017,7
2017-07-02,2436.4,2514.28,2394.84,2506.47,803747000.0,40010500000.0,2017,7
2017-07-03,2498.56,2595.0,2480.47,2564.06,964112000.0,41037200000.0,2017,7
2017-07-04,2561.0,2631.59,2559.35,2601.64,985516000.0,42067900000.0,2017,7
2017-07-05,2602.87,2622.65,2538.55,2601.99,941566000.0,42760800000.0,2017,7
2017-07-06,2608.1,2616.72,2581.69,2608.56,761957000.0,42851400000.0,2017,7
2017-07-07,2608.59,2916.14,2498.87,2518.66,917412000.0,42864200000.0,2017,7
2017-07-08,2520.27,2571.34,2492.31,2571.34,733330000.0,41417700000.0,2017,7
2017-07-09,2572.61,2635.49,2517.59,2518.44,527856000.0,42283200000.0,2017,7
2017-07-10,2525.25,2537.16,2321.13,2372.56,1111200000.0,41509000000.0,2017,7
2017-07-11,2385.89,2413.47,2296.81,2337.79,1329760000.0,39224200000.0,2017,7
2017-07-12,2332.77,2423.71,2275.14,2398.84,1117410000.0,38355900000.0,2017,7
2017-07-13,2402.7,2425.22,2340.83,2357.9,835770000.0,39511000000.0,2017,7
2017-07-14,2360.59,2363.25,2183.22,2233.34,882503000.0,38823100000.0,2017,7
2017-07-15,2230.12,2231.14,1990.41,1998.86,993608000.0,36681300000.0,2017,7
2017-07-16,1991.98,2058.77,1843.03,1929.82,1182870000.0,32767600000.0,2017,7
2017-07-17,1932.62,2230.49,1932.62,2228.41,1201760000.0,31795000000.0,2017,7
2017-07-18,2233.52,2387.61,2164.77,2318.88,1512450000.0,36749400000.0,2017,7
2017-07-19,2323.08,2397.17,2260.23,2273.43,1245100000.0,38227800000.0,2017,7
2017-07-20,2269.89,2900.7,2269.89,2817.6,2249260000.0,37356800000.0,2017,7
2017-07-21,2838.41,2838.41,2621.85,2667.76,1489450000.0,46719000000.0,2017,7
2017-07-22,2668.63,2862.42,2657.71,2810.12,1177130000.0,43929600000.0,2017,7
2017-07-23,2808.1,2832.18,2653.94,2730.4,1072840000.0,46231100000.0,2017,7
2017-07-24,2732.7,2777.26,2699.19,2754.86,866474000.0,44995600000.0,2017,7
2017-07-25,2757.5,2768.08,2480.96,2576.48,1460090000.0,45410100000.0,2017,7
2017-07-26,2577.77,2610.76,2450.8,2529.45,937404000.0,42455000000.0,2017,7
2017-07-27,2538.71,2693.32,2529.34,2671.78,789104000.0,41816500000.0,2017,7
2017-07-28,2679.73,2897.45,2679.73,2809.01,1380100000.0,44144400000.0,2017,7
2017-07-29,2807.02,2808.76,2692.8,2726.45,803746000.0,46246700000.0,2017,7
2017-07-30,2724.39,2758.53,2644.85,2757.18,705943000.0,44890700000.0,2017,7
2017-07-31,2763.24,2889.62,2720.61,2875.34,860575000.0,45535800000.0,2017,7
2017-08-01,2871.3,2921.35,2685.61,2718.26,1324670000.0,47321800000.0,2017,8
2017-08-02,2727.13,2762.53,2668.59,2710.67,1094950000.0,44950800000.0,2017,8
2017-08-03,2709.56,2813.31,2685.14,2804.73,804797000.0,44666400000.0,2017,8
2017-08-04,2806.93,2899.33,2743.72,2895.89,1002120000.0,46276200000.0,2017,8
2017-08-05,2897.63,3290.01,2874.83,3252.91,1945700000.0,47778200000.0,2017,8
2017-08-06,3257.61,3293.29,3155.6,3213.94,1105030000.0,53720900000.0,2017,8
2017-08-07,3212.78,3397.68,3180.89,3378.94,1482280000.0,52987300000.0,2017,8
2017-08-08,3370.22,3484.85,3345.83,3419.94,1752760000.0,55590300000.0,2017,8
2017-08-09,3420.4,3422.76,3247.67,3342.47,1468960000.0,56424900000.0,2017,8
2017-08-10,3341.84,3453.45,3319.47,3381.28,1515110000.0,55134700000.0,2017,8
2017-08-11,3373.82,3679.72,3372.12,3650.62,2021190000.0,55668000000.0,2017,8
2017-08-12,3650.63,3949.92,3613.7,3884.71,2219590000.0,60242100000.0,2017,8
2017-08-13,3880.04,4208.39,3857.8,4073.26,3159090000.0,64034100000.0,2017,8
2017-08-14,4066.1,4325.13,3989.16,4325.13,2463090000.0,67112300000.0,2017,8
2017-08-15,4326.99,4455.97,3906.18,4181.93,3258050000.0,71425500000.0,2017,8
2017-08-16,4200.34,4381.23,3994.42,4376.63,2272040000.0,69342700000.0,2017,8
2017-08-17,4384.44,4484.7,4243.71,4331.69,2553360000.0,72389100000.0,2017,8
2017-08-18,4324.34,4370.13,4015.4,4160.62,2941710000.0,71406500000.0,2017,8
2017-08-19,4137.75,4243.26,3970.55,4193.7,2975820000.0,68333100000.0,2017,8
2017-08-20,4189.31,4196.29,4069.88,4087.66,2109770000.0,69192700000.0,2017,8
2017-08-21,4090.48,4109.14,3988.6,4001.74,2800890000.0,67567100000.0,2017,8
2017-08-22,3998.35,4128.76,3674.58,4100.52,3764240000.0,66051000000.0,2017,8
2017-08-23,4089.01,4255.78,4078.41,4151.52,2369820000.0,67553000000.0,2017,8
2017-08-24,4137.6,4376.39,4130.26,4334.68,2037750000.0,68363900000.0,2017,8
2017-08-25,4332.82,4455.7,4307.35,4371.6,1727970000.0,71595100000.0,2017,8
2017-08-26,4372.06,4379.28,4269.52,4352.4,1511610000.0,72249100000.0,2017,8
2017-08-27,4345.1,4416.59,4317.29,4382.88,1537460000.0,71809200000.0,2017,8
2017-08-28,4384.45,4403.93,4224.64,4382.66,1959330000.0,72467900000.0,2017,8
2017-08-29,4389.21,4625.68,4352.13,4579.02,2486080000.0,72553800000.0,2017,8
2017-08-30,4570.36,4626.52,4471.41,4565.3,1937850000.0,75556600000.0,2017,8
2017-08-31,4555.59,4736.05,4549.4,4703.39,1944930000.0,75322300000.0,2017,8
2017-09-01,4701.76,4892.01,4678.53,4892.01,2599080000.0,77748400000.0,2017,9
2017-09-02,4901.42,4975.04,4469.24,4578.77,2722140000.0,81060600000.0,2017,9
2017-09-03,4585.27,4714.08,4417.59,4582.96,1933190000.0,75841700000.0,2017,9
2017-09-04,4591.63,4591.63,4108.4,4236.31,2987330000.0,75955500000.0,2017,9
2017-09-05,4228.29,4427.84,3998.11,4376.53,2697970000.0,69954400000.0,2017,9
2017-09-06,4376.59,4617.25,4376.59,4597.12,2172100000.0,72418700000.0,2017,9
2017-09-07,4589.14,4655.04,4491.33,4599.88,1844620000.0,75945000000.0,2017,9
2017-09-08,4605.16,4661.0,4075.18,4228.75,2700890000.0,76220200000.0,2017,9
2017-09-09,4229.81,4308.82,4114.11,4226.06,1386230000.0,70017200000.0,2017,9
2017-09-10,4229.34,4245.44,3951.04,4122.94,1679090000.0,70018100000.0,2017,9
2017-09-11,4122.47,4261.67,4099.4,4161.27,1557330000.0,68256000000.0,2017,9
2017-09-12,4168.88,4344.65,4085.22,4130.81,1864530000.0,69033400000.0,2017,9
2017-09-13,4131.98,4131.98,3789.92,3882.59,2219410000.0,68432200000.0,2017,9
2017-09-14,3875.37,3920.6,3153.86,3154.95,2716310000.0,64191600000.0,2017,9
2017-09-15,3166.3,3733.45,2946.62,3637.52,4148070000.0,52453500000.0,2017,9
2017-09-16,3637.75,3808.84,3487.79,3625.04,1818400000.0,60271600000.0,2017,9
2017-09-17,3606.28,3664.81,3445.64,3582.88,1239150000.0,59757800000.0,2017,9
2017-09-18,3591.09,4079.23,3591.09,4065.2,1943210000.0,59514100000.0,2017,9
2017-09-19,4073.79,4094.07,3868.87,3924.97,1563980000.0,67520300000.0,2017,9
2017-09-20,3916.36,4031.39,3857.73,3905.95,1213830000.0,64918500000.0,2017,9
2017-09-21,3901.47,3916.42,3613.63,3631.04,1411480000.0,64677600000.0,2017,9
2017-09-22,3628.02,3758.27,3553.53,3630.7,1194830000.0,60152300000.0,2017,9
2017-09-23,3629.92,3819.21,3594.58,3792.4,928114000.0,60190000000.0,2017,9
2017-09-24,3796.15,3796.15,3666.9,3682.84,768015000.0,62954300000.0,2017,9
2017-09-25,3681.58,3950.25,3681.58,3926.07,1374210000.0,61061100000.0,2017,9
2017-09-26,3928.41,3969.89,3869.9,3892.35,1043740000.0,65161000000.0,2017,9
2017-09-27,3892.94,4210.05,3884.82,4200.67,1686880000.0,64579200000.0,2017,9
2017-09-28,4197.13,4279.31,4109.7,4174.73,1712320000.0,69633200000.0,2017,9
2017-09-29,4171.62,4214.63,4039.29,4163.07,1367050000.0,69219200000.0,2017,9
2017-09-30,4166.11,4358.43,4160.86,4338.71,1207450000.0,69136600000.0,2017,9
2017-10-01,4341.05,4403.74,4269.81,4403.74,1208210000.0,72047300000.0,2017,10
2017-10-02,4395.81,4470.23,4377.46,4409.32,1431730000.0,72963200000.0,2017,10
2017-10-03,4408.46,4432.47,4258.89,4317.48,1288020000.0,73181300000.0,2017,10
2017-10-04,4319.37,4352.31,4210.42,4229.36,1116770000.0,71712500000.0,2017,10
2017-10-05,4229.88,4362.64,4164.05,4328.41,1161770000.0,70233700000.0,2017,10
2017-10-06,4324.46,4413.27,4320.53,4370.81,1069940000.0,71810600000.0,2017,10
2017-10-07,4369.35,4443.88,4321.05,4426.89,906928000.0,72565100000.0,2017,10
2017-10-08,4429.67,4624.14,4405.64,4610.48,1313870000.0,73575400000.0,2017,10
2017-10-09,4614.52,4878.71,4564.25,4772.02,1968740000.0,76656500000.0,2017,10
2017-10-10,4776.21,4922.17,4765.1,4781.99,1597140000.0,79351800000.0,2017,10
2017-10-11,4789.25,4873.73,4751.63,4826.48,1222280000.0,79578200000.0,2017,10
2017-10-12,4829.58,5446.91,4822.0,5446.91,2791610000.0,80256700000.0,2017,10
2017-10-13,5464.16,5840.3,5436.85,5647.21,3615480000.0,90812400000.0,2017,10
2017-10-14,5643.53,5837.7,5591.64,5831.79,1669030000.0,93803000000.0,2017,10
2017-10-15,5835.96,5852.48,5478.61,5678.19,1976040000.0,97011900000.0,2017,10
2017-10-16,5687.57,5776.23,5544.21,5725.59,2008070000.0,94559000000.0,2017,10
2017-10-17,5741.58,5800.35,5472.72,5605.51,1821570000.0,95469300000.0,2017,10
2017-10-18,5603.82,5603.82,5151.44,5590.69,2399270000.0,93190200000.0,2017,10
2017-10-19,5583.74,5744.35,5531.06,5708.52,1780540000.0,92867000000.0,2017,10
2017-10-20,5708.11,6060.11,5627.23,6011.45,2354430000.0,94947900000.0,2017,10
2017-10-21,5996.79,6194.88,5965.07,6031.6,2207100000.0,99763200000.0,2017,10
2017-10-22,6036.66,6076.26,5792.34,6008.42,2034630000.0,100438000000.0,2017,10
2017-10-23,6006.0,6075.59,5732.47,5930.32,2401840000.0,99941600000.0,2017,10
2017-10-24,5935.52,5935.52,5504.18,5526.64,2735700000.0,98781600000.0,2017,10
2017-10-25,5524.6,5754.33,5397.88,5750.8,1966990000.0,91954200000.0,2017,10
2017-10-26,5747.95,5976.8,5721.22,5904.83,1905040000.0,95685100000.0,2017,10
2017-10-27,5899.74,5988.39,5728.82,5780.9,1710130000.0,98225400000.0,2017,10
2017-10-28,5787.82,5876.72,5689.19,5753.09,1403920000.0,96369600000.0,2017,10
2017-10-29,5754.44,6255.71,5724.58,6153.85,2859040000.0,95819800000.0,2017,10
2017-10-30,6114.85,6214.99,6040.85,6130.53,1772150000.0,101833000000.0,2017,10
2017-10-31,6132.02,6470.43,6103.33,6468.4,2311380000.0,102130000000.0,2017,10
2017-11-01,6440.97,6767.31,6377.88,6767.31,2870320000.0,107287000000.0,2017,11
2017-11-02,6777.77,7367.33,6758.72,7078.5,4653770000.0,112910000000.0,2017,11
2017-11-03,7087.53,7461.29,7002.94,7207.76,3369860000.0,118084000000.0,2017,11
2017-11-04,7164.48,7492.86,7031.28,7379.95,2483800000.0,119376000000.0,2017,11
2017-11-05,7404.52,7617.48,7333.19,7407.41,2380410000.0,123388000000.0,2017,11
2017-11-06,7403.22,7445.77,7007.31,7022.76,3111900000.0,123379000000.0,2017,11
2017-11-07,7023.1,7253.32,7023.1,7144.38,2326340000.0,117056000000.0,2017,11
2017-11-08,7141.38,7776.42,7114.02,7459.69,4602200000.0,119041000000.0,2017,11
2017-11-09,7446.83,7446.83,7101.52,7143.58,3226250000.0,124146000000.0,2017,11
2017-11-10,7173.73,7312.0,6436.87,6618.14,5208250000.0,119607000000.0,2017,11
2017-11-11,6618.61,6873.15,6204.22,6357.6,4908680000.0,110362000000.0,2017,11
2017-11-12,6295.45,6625.05,5519.01,5950.07,8957350000.0,104980000000.0,2017,11
2017-11-13,5938.25,6811.19,5844.29,6559.49,6263250000.0,99029000000.0,2017,11
2017-11-14,6561.48,6764.98,6461.75,6635.75,3197110000.0,109434000000.0,2017,11
2017-11-15,6634.76,7342.25,6634.76,7315.54,4200880000.0,110667000000.0,2017,11
2017-11-16,7323.24,7967.38,7176.58,7871.69,5123810000.0,122164000000.0,2017,11
2017-11-17,7853.57,8004.59,7561.09,7708.99,4651670000.0,131026000000.0,2017,11
2017-11-18,7697.21,7884.99,7463.44,7790.15,3667190000.0,128425000000.0,2017,11
2017-11-19,7766.03,8101.91,7694.1,8036.49,3149320000.0,129595000000.0,2017,11
2017-11-20,8039.07,8336.86,7949.36,8200.64,3488450000.0,134167000000.0,2017,11
2017-11-21,8205.74,8348.66,7762.71,8071.26,4277610000.0,136967000000.0,2017,11
2017-11-22,8077.95,8302.26,8075.47,8253.55,3633530000.0,134851000000.0,2017,11
2017-11-23,8232.38,8267.4,8038.77,8038.77,4225180000.0,137444000000.0,2017,11
2017-11-24,8074.02,8374.16,7940.93,8253.69,5058610000.0,134816000000.0,2017,11
2017-11-25,8241.71,8790.92,8191.15,8790.92,4342060000.0,137632000000.0,2017,11
2017-11-26,8789.04,9522.93,8775.59,9330.55,5475580000.0,146789000000.0,2017,11
2017-11-27,9352.72,9818.35,9352.72,9818.35,5653320000.0,156221000000.0,2017,11
2017-11-28,9823.43,10125.7,9736.3,10058.8,6348820000.0,164104000000.0,2017,11
2017-11-29,10077.4,11517.4,9601.03,9888.61,11568800000.0,168367000000.0,2017,11
2017-11-30,9906.79,10801.0,9202.05,10233.6,8310690000.0,165537000000.0,2017,11
2017-12-01,10198.6,11046.7,9694.65,10975.6,6783120000.0,170436000000.0,2017,12
2017-12-02,10978.3,11320.2,10905.1,11074.6,5138500000.0,183490000000.0,2017,12
2017-12-03,11082.7,11858.7,10862.0,11323.2,6608310000.0,185258000000.0,2017,12
2017-12-04,11315.4,11657.2,11081.8,11657.2,6132410000.0,189172000000.0,2017,12
2017-12-05,11685.7,12032.0,11604.6,11916.7,6895260000.0,195389000000.0,2017,12
2017-12-06,11923.4,14369.1,11923.4,14291.5,12656300000.0,199390000000.0,2017,12
2017-12-07,14266.1,17899.7,14057.3,17899.7,17950700000.0,238600000000.0,2017,12
2017-12-08,17802.9,18353.4,14336.9,16569.4,21136000000.0,297787000000.0,2017,12
2017-12-09,16523.3,16783.0,13674.9,15178.2,13911300000.0,276415000000.0,2017,12
2017-12-10,15168.4,15850.6,13226.6,15455.4,13433300000.0,253782000000.0,2017,12
2017-12-11,15427.4,17513.9,15404.8,16936.8,12153900000.0,258147000000.0,2017,12
2017-12-12,16919.8,17781.8,16571.6,17415.4,14603800000.0,283155000000.0,2017,12
2017-12-13,17500.0,17653.1,16039.7,16408.2,12976900000.0,292900000000.0,2017,12
2017-12-14,16384.6,17085.8,16185.9,16564.0,13777400000.0,274269000000.0,2017,12
2017-12-15,16601.3,18154.1,16601.3,17706.9,14310000000.0,277936000000.0,2017,12
2017-12-16,17760.3,19716.7,17515.3,19497.4,12740600000.0,297376000000.0,2017,12
2017-12-17,19475.8,20089.0,18974.1,19140.8,13314600000.0,326141000000.0,2017,12
2017-12-18,19106.4,19371.0,18355.9,19114.2,14839500000.0,320000000000.0,2017,12
2017-12-19,19118.3,19177.8,17275.4,17776.7,16894500000.0,320242000000.0,2017,12
2017-12-20,17760.3,17934.7,16077.7,16624.6,22149700000.0,297526000000.0,2017,12
2017-12-21,16642.4,17567.7,15342.7,15802.9,16516600000.0,278827000000.0,2017,12
2017-12-22,15898.0,15943.4,11833.0,13831.8,22198000000.0,266381000000.0,2017,12
2017-12-23,13948.7,15603.2,13828.8,14699.2,13086000000.0,233748000000.0,2017,12
2017-12-24,14608.2,14626.0,12747.7,13925.8,11572300000.0,244824000000.0,2017,12
2017-12-25,13995.9,14593.0,13448.9,14026.6,10664700000.0,234590000000.0,2017,12
2017-12-26,14036.6,16461.2,14028.9,16099.8,13454300000.0,235294000000.0,2017,12
2017-12-27,16163.5,16930.9,15114.3,15838.5,12487600000.0,270976000000.0,2017,12
2017-12-28,15864.1,15888.4,13937.3,14606.5,12336500000.0,265988000000.0,2017,12
2017-12-29,14695.8,15279.0,14307.0,14656.2,13025500000.0,246428000000.0,2017,12
2017-12-30,14681.9,14681.9,12350.1,12952.2,14452600000.0,246224000000.0,2017,12
2017-12-31,12897.7,14377.4,12755.6,14156.4,12136300000.0,216326000000.0,2017,12
2018-01-01,14112.2,14112.2,13154.7,13657.2,10291200000.0,236725000000.0,2018,1
2018-01-02,13625.0,15444.6,13163.6,14982.1,16846600000.0,228579000000.0,2018,1
2018-01-03,14978.2,15572.8,14844.5,15201.0,16871900000.0,251312000000.0,2018,1
2018-01-04,15270.7,15739.7,14522.2,15599.2,21783200000.0,256250000000.0,2018,1
2018-01-05,15477.2,17705.2,15202.8,17429.5,23840900000.0,259748000000.0,2018,1
2018-01-06,17462.1,17712.4,16764.6,17527.0,18314600000.0,293091000000.0,2018,1
2018-01-07,17527.3,17579.6,16087.7,16477.6,15866000000.0,294222000000.0,2018,1
2018-01-08,16476.2,16537.9,14208.2,15170.1,18413900000.0,276612000000.0,2018,1
2018-01-09,15123.7,15497.5,14424.0,14595.4,16660000000.0,253935000000.0,2018,1
2018-01-10,14588.5,14973.3,13691.2,14973.3,18500800000.0,244981000000.0,2018,1
2018-01-11,14968.2,15018.8,13105.9,13405.8,16534100000.0,251387000000.0,2018,1
2018-01-12,13453.9,14229.9,13158.1,13980.6,12065700000.0,225986000000.0,2018,1
2018-01-13,13952.4,14659.5,13952.4,14360.2,12763600000.0,234391000000.0,2018,1
2018-01-14,14370.8,14511.8,13268.0,13772.0,11084100000.0,241447000000.0,2018,1
2018-01-15,13767.3,14445.5,13641.7,13819.8,12750800000.0,231334000000.0,2018,1
2018-01-16,13836.1,13843.1,10194.9,11490.5,18853800000.0,232517000000.0,2018,1
2018-01-17,11431.1,11678.0,9402.29,11188.6,18830600000.0,192123000000.0,2018,1
2018-01-18,11198.8,12107.3,10942.5,11474.9,15020400000.0,188242000000.0,2018,1
2018-01-19,11429.8,11992.8,11172.1,11607.4,10740400000.0,192150000000.0,2018,1
2018-01-20,11656.2,13103.0,11656.2,12899.2,11801700000.0,195979000000.0,2018,1
2018-01-21,12889.2,12895.9,11288.2,11600.1,9935180000.0,216740000000.0,2018,1
2018-01-22,11633.1,11966.4,10240.2,10931.4,10537400000.0,195645000000.0,2018,1
2018-01-23,10944.5,11377.6,10129.7,10868.4,9660610000.0,184087000000.0,2018,1
2018-01-24,10903.4,11501.4,10639.8,11359.4,9940990000.0,183419000000.0,2018,1
2018-01-25,11421.7,11785.7,11057.4,11259.4,8873170000.0,192163000000.0,2018,1
2018-01-26,11256.0,11656.7,10470.3,11171.4,9746200000.0,189398000000.0,2018,1
2018-01-27,11174.9,11614.9,10989.2,11440.7,7583270000.0,188054000000.0,2018,1
2018-01-28,11475.3,12040.3,11475.3,11786.3,8350360000.0,193133000000.0,2018,1
2018-01-29,11755.5,11875.6,11179.2,11296.4,7107360000.0,197871000000.0,2018,1
2018-01-30,11306.8,11307.2,10036.2,10106.3,8637860000.0,190339000000.0,2018,1
2018-01-31,10108.2,10381.6,9777.42,10221.1,8041160000.0,170183000000.0,2018,1
2018-02-01,10237.3,10288.8,8812.28,9170.54,9959400000.0,172372000000.0,2018,2
2018-02-02,9142.28,9142.28,7796.49,8830.75,12726900000.0,153953000000.0,2018,2
2018-02-03,8852.12,9430.75,8251.63,9174.91,7263790000.0,149085000000.0,2018,2
2018-02-04,9175.7,9334.87,8031.22,8277.01,7073550000.0,154553000000.0,2018,2
2018-02-05,8270.54,8364.84,6756.68,6955.27,9285290000.0,139325000000.0,2018,2
2018-02-06,7051.75,7850.7,6048.26,7754.0,13999800000.0,118810000000.0,2018,2
2018-02-07,7755.49,8509.11,7236.79,7621.3,9169280000.0,130683000000.0,2018,2
2018-02-08,7637.86,8558.77,7637.86,8265.59,9346750000.0,128714000000.0,2018,2
2018-02-09,8271.84,8736.98,7884.71,8736.98,6784820000.0,139412000000.0,2018,2
2018-02-10,8720.08,9122.55,8295.47,8621.9,7780960000.0,146981000000.0,2018,2
2018-02-11,8616.13,8616.13,7931.1,8129.97,6122190000.0,145245000000.0,2018,2
2018-02-12,8141.43,8985.92,8141.43,8926.57,6256440000.0,137258000000.0,2018,2
2018-02-13,8926.72,8958.47,8455.41,8598.31,5696720000.0,150516000000.0,2018,2
2018-02-14,8599.92,9518.54,8599.92,9494.63,7909820000.0,145023000000.0,2018,2
2018-02-15,9488.32,10234.8,9395.58,10166.4,9062540000.0,160025000000.0,2018,2
2018-02-16,10135.7,10324.1,9824.82,10233.9,7296160000.0,170960000000.0,2018,2
2018-02-17,10207.5,11139.5,10149.4,11112.7,8660880000.0,172191000000.0,2018,2
2018-02-18,11123.4,11349.8,10326.0,10551.8,8744010000.0,187663000000.0,2018,2
2018-02-19,10552.6,11273.8,10513.2,11225.3,7652090000.0,178055000000.0,2018,2
2018-02-20,11231.8,11958.5,11231.8,11403.7,9926540000.0,189536000000.0,2018,2
